sample,total_junctions,total_reads,known_junctions,novel_junctions,splicing_efficiency,novel_junction_rate,mean_reads_per_junction,median_reads_per_junction
sample_1_Aligned.sortedByCoord.out,977,11794,807,170,12.07164790174002,0.17400204708290687,12.07164790174002,12.0
sample_2_Aligned.sortedByCoord.out,686,8193,511,175,11.943148688046648,0.25510204081632654,11.943148688046648,12.0
sample_3_Aligned.sortedByCoord.out,825,9894,662,163,11.992727272727272,0.19757575757575757,11.992727272727272,12.0
sample_4_Aligned.sortedByCoord.out,907,10822,714,193,11.931642778390298,0.2127894156560088,11.931642778390298,12.0
sample_5_Aligned.sortedByCoord.out,725,8680,590,135,11.972413793103449,0.18620689655172415,11.972413793103449,12.0
sample_6_Aligned.sortedByCoord.out,1352,16197,1092,260,11.980029585798816,0.19230769230769232,11.980029585798816,12.0
